,key,y,longitude,latitude,EVI_04-07,pr_04-07,tmmx_04-07
0,ADAIR-IOWA,2.246140821321858,-94.47289339879417,41.33163308587338,2065.4339784032486,1.1057083403522319,284.4323002208363
1,ADAMS-ILLINOIS,4.696377101353445,-91.18004290271833,40.00106925799077,2287.445078545164,0.6266176354635012,292.33246639225035
2,ADAMS-IOWA,2.1614638340405063,-94.68490225288923,41.0291317150472,2095.0838428294455,0.827426452979897,285.3173680160985
3,ADAMS-OHIO,8.375459894571451,-83.52483424554569,38.889963415385466,2789.074280308788,4.695975091146386,292.76227304209834
4,ALLAMAKEE-IOWA,10.104951358042936,-91.43439477246821,43.25613338262523,1986.9598281892136,17.37006802992387,281.5047643488104
5,ALLEGAN-MICHIGAN,0.3835804207231374,-85.86631838318877,42.59724723115846,1852.9538621368833,2.5873018874638323,284.259014406066
6,ALLEN-OHIO,2.1606886197730693,-84.10426941164347,40.77634186570952,1848.184933314068,6.928641980489095,286.10876627604165
7,APPANOOSE-IOWA,3.254706686905499,-92.88392681983834,40.731724285823034,2605.756144965352,1.8700986470688472,285.7503356933594
8,ARENAC-MICHIGAN,2.3638446061168787,-83.86960174441838,44.05485546800791,1766.9137510317873,8.029887476963783,280.82406935051307
9,ASHTABULA-OHIO,3.205607955008706,-80.724194176957,41.674835157005155,2188.5846409900323,7.291222515653391,283.9879668188877
10,ATHENS-OHIO,7.511634114688675,-82.0692677069012,39.304764443826805,2626.574142647664,6.682479974296358,292.6746203104655
11,AUDRAIN-MISSOURI,8.151625837879221,-91.83758465997434,39.22155816477876,2405.0979235090063,7.25654399289494,295.8942368769013
12,AUDUBON-IOWA,1.819341552193736,-94.90535078174307,41.684726974384894,1630.847358751237,0.9972659452921815,282.07218594021265
13,AUGLAIZE-OHIO,1.8156855738439936,-84.22083829635915,40.56175728518067,1789.3126856661606,5.969541200569698,287.7248431614467
14,BARNES-NORTH DAKOTA,6.368869206307009,-98.0727028984287,46.93276479596992,1196.6939431909138,2.039373979508448,275.6023159987635
15,BARRY-MICHIGAN,1.1526906690280174,-85.27874305858073,42.60408626264252,1824.9431046607538,3.0698603242635727,283.97737884521484
16,BARTON-MISSOURI,24.543500579759165,-94.36328738489479,37.49718662718865,3837.0607970887654,0.10055375876634018,301.13321718962294
17,BATES-MISSOURI,24.09280424805667,-94.35578468441118,38.259974630965004,2931.4684331858953,14.078633326647887,301.97518123797516
18,BAY-MICHIGAN,3.024054618458664,-83.98439594196034,43.695221172232316,1631.4501277262407,9.725622305503258,281.09896107209033
19,BEADLE-SOUTH DAKOTA,3.0650892233021274,-98.27509211297861,44.42384478927847,1656.7205468238926,0.6528941133561043,277.95417169424206
20,BENSON-NORTH DAKOTA,6.927141956181671,-99.41930912624628,48.08577343883006,1183.5029287209366,2.1228598378996812,274.19023470114206
21,BENTON-IOWA,1.1400841313493175,-92.07263922122068,42.07969678787574,1720.7593692315743,1.039793052998456,284.70277571244674
22,BLACK HAWK-IOWA,0.7410245757187638,-92.31084586398617,42.46132317719459,1659.45728009077,4.017912250825728,283.39832490066004
23,BOND-ILLINOIS,11.678836942282368,-89.42901495282392,38.88139198188185,2974.5856592229607,11.884466866315421,293.1577919135659
24,BOONE-ILLINOIS,2.631759508813074,-88.82347623013442,42.32270028093497,1616.8583573558542,0.23516918967167535,282.113494237264
25,BOONE-IOWA,0.2998843885301571,-93.92324471262218,42.03406468267242,1502.2335441706734,2.397734051400965,282.08118854869497
26,BOONE-MISSOURI,16.06987655289029,-92.28624239584082,39.002536378227255,3193.6932246632505,11.93786304851748,297.85844335016213
27,BOTTINEAU-NORTH DAKOTA,8.065251196141237,-100.86087713643188,48.78229744426819,1297.0815573265168,1.5968516324676059,275.10605462991964
28,BRANCH-MICHIGAN,2.4582506330299982,-85.06548807400392,41.91414293615392,1783.5586090707088,1.1645333109931513,281.99662815440786
29,BREMER-IOWA,2.0216510000234065,-92.31626284986471,42.779343062537805,1579.8025028245868,8.847078769237964,282.4937268542005
30,BROOKINGS-SOUTH DAKOTA,4.206226619933111,-96.7873635112809,44.372804845484026,1453.9332030468336,0.34598776372149587,276.8795282840729
31,BROWN-ILLINOIS,4.56235312811148,-90.75410212297072,39.9681900302076,2213.3782938263253,0.11048396690836493,292.63332554079454
32,BROWN-OHIO,5.9353394513478746,-83.87673335639228,38.97419815217875,2606.110844710155,5.671599868181589,292.3108866923564
33,BROWN-SOUTH DAKOTA,3.902488355297156,-98.34199635885139,45.56374593215364,1456.817631301191,0.0,276.7501105022775
34,BRULE-SOUTH DAKOTA,2.86652288899397,-99.05940294857031,43.71280621291842,1660.8038783152654,0.46218544967910824,279.01285418342144
35,BUCHANAN-IOWA,0.4046443611705002,-91.83833064343652,42.470159595538334,1604.3337037227943,4.15212802524152,283.5764180059018
36,BUCHANAN-MISSOURI,12.562090541599297,-94.80324981496577,39.65112461428644,2234.725256908516,3.232915239803719,300.6574596058239
37,BUENA VISTA-IOWA,3.3366971704881148,-95.15398167384802,42.7360772741084,1269.345251421979,6.096628014788483,279.1413682109178
38,BUREAU-ILLINOIS,0.5927058081103452,-89.53272668615614,41.40720104478907,1660.184809444636,1.6121426043303118,285.60035816137344
39,BUTLER-IOWA,1.3196976960551672,-92.79338239899812,42.73235756639584,1593.0467996141358,9.182709376017252,282.0648699159975
40,BUTLER-OHIO,5.967185528943199,-84.61993215887368,39.45369488140585,2608.3518514522066,1.6544297258537937,292.7278600485928
41,CALDWELL-MISSOURI,11.442952722409176,-93.96629210480248,39.66054527300112,2892.8951207195532,0.08335385358694827,298.5067314379143
42,CALHOUN-ILLINOIS,6.300327060147659,-90.66111964116567,39.12911658410616,2527.0053199436447,4.819742026536361,294.9595894191576
43,CALHOUN-IOWA,3.850116369670763,-94.64231397978159,42.389747095794654,1220.25195015104,9.099537480961192,280.6731803200462
44,CALHOUN-MICHIGAN,1.180405179011482,-84.96702263409814,42.22302880038244,1853.8628193425998,1.1681439823337965,283.347028187343
45,CAMPBELL-SOUTH DAKOTA,4.164564725676165,-100.01449951446848,45.7619614436994,1493.8728654523347,0.15316587833451553,278.2627236809529
46,CAPE GIRARDEAU-MISSOURI,18.060428305975037,-89.70644153038118,37.358911728044916,3761.4020794152284,5.295996706564348,296.90906901935955
47,CARROLL-ILLINOIS,1.5205725927111382,-89.90031683615507,42.05071534935855,1740.4562156988384,0.07635587933419764,284.43533570739044
48,CARROLL-IOWA,0.514474344930796,-94.86955272299774,42.03498527264131,1537.5597869543412,4.895672864534638,280.8088035583496
49,CARROLL-MISSOURI,12.052014744403612,-93.51125810277564,39.413941894960615,2581.9613200355,0.8532260845013715,299.22422328564005
50,CASS-ILLINOIS,4.265427940084368,-90.23765062986519,39.960455946115296,1872.0211798401224,0.0214094200678039,293.64956718578674
51,CASS-IOWA,1.5310308035898712,-94.92876026516943,41.326669124003786,1740.0707249856375,0.476303003389727,284.13654258034444
52,CASS-MICHIGAN,0.9379466166843672,-85.99433510822145,41.9098038620503,1839.7166820193718,1.4766689689680077,283.27881420617814
53,CASS-MISSOURI,17.008919557520326,-94.33211617520112,38.63331733501773,2922.144959511575,5.661049184766975,301.7488199869792
54,CASS-NORTH DAKOTA,5.123923102695434,-97.26369629157882,46.937801835345724,1119.6608672476502,2.709500570016302,277.16605663906995
55,CAVALIER-NORTH DAKOTA,8.193844438142598,-98.49632853094384,48.76660185848054,1028.8742746616217,3.6309929383884776,275.1675655850497
56,CEDAR-IOWA,0.8096350803796032,-91.12707278243857,41.77462684692984,1761.3405128435122,1.556837012671461,285.2765882087476
57,CERRO GORDO-IOWA,4.447555304773059,-93.25573775163973,43.076767146634644,1356.3022028257494,12.585982918739319,279.34803945367986
58,CHAMPAIGN-ILLINOIS,4.3788290988178025,-88.19442964096176,40.13396798406103,1558.5873810439073,11.246453027547517,291.495361328125
59,CHAMPAIGN-OHIO,2.884787766046731,-83.76800979478978,40.13798672687088,1938.3050146326996,7.283527495204538,289.57703565514606
60,CHARITON-MISSOURI,8.576344516705014,-92.97399890455553,39.49814432758417,2390.2039670805625,4.823109447471494,297.55785090748856
61,CHARLES MIX-SOUTH DAKOTA,2.1873569439458658,-98.51321232656994,43.196530821498484,1705.4475657961966,1.4196413696449708,279.79130007493944
62,CHEROKEE-IOWA,1.834759120766253,-95.62848456986934,42.735490423877714,1469.99914096723,3.60862171098038,279.2405570701317
63,CHICKASAW-IOWA,1.1761244884391242,-92.303684963174,43.05804898849192,1568.411811730263,10.32725833298324,281.20794677734375
64,CHRISTIAN-ILLINOIS,3.858444885962101,-89.27496247074426,39.54052378505216,1700.7152654369768,2.559878875469339,292.79642933812636
65,CLARK-ILLINOIS,3.757753726390148,-87.79194635340154,39.33327413588029,1901.2152121813488,4.266267481522682,292.5928239088792
66,CLARK-OHIO,2.669110309129312,-83.77625655578622,39.915225722331336,2182.2076673286933,5.38811459238567,290.3009289938306
67,CLAY-ILLINOIS,7.211347319674052,-88.48319861893133,38.75726294438729,2820.800426778146,6.022292117549949,293.2270256983091
68,CLAY-IOWA,1.6629402238407394,-95.1597464404372,43.08390130841027,1391.9868301387046,3.7280072691765698,279.01882899891245
69,CLAY-SOUTH DAKOTA,2.0465143805869483,-96.97089693036779,42.91648244326049,1571.3497521000331,1.4848610146625623,280.139655448295
70,CLAYTON-IOWA,1.1584980196139043,-91.38339030079547,42.87127866721665,1835.2300028835873,7.396978342974627,282.72907488787615
71,CLERMONT-OHIO,6.640362830938793,-84.10496278681656,39.06545228737583,2668.107881112742,5.306896768825155,292.4121669715559
72,CLINTON-ILLINOIS,24.927694303764035,-89.43666190910588,38.60516681411882,3402.358696296669,22.0731988123485,293.4619827270508
73,CLINTON-IOWA,0.224838875849469,-90.55118820909348,41.90123055189626,1745.8989030291175,1.0579964826587869,284.91651826746323
74,CLINTON-MICHIGAN,2.419665011056744,-84.60952759400081,42.947360650997105,1863.7273466269683,8.192061436296713,284.4012503575797
75,CLINTON-MISSOURI,11.911947688827777,-94.40942195956391,39.61474399806955,2491.829795223182,0.29664900709712316,300.0802389477927
76,CLINTON-OHIO,4.747808356871671,-83.80122829619124,39.41168814499905,2137.5482811000325,5.66898153629154,291.7463173866272
77,CODINGTON-SOUTH DAKOTA,4.656531455661808,-97.19432064867537,44.97951895987008,1438.5349470328322,0.4723886481037846,275.9288915563513
78,COLE-MISSOURI,21.96203831315759,-92.24608693386324,38.51015762985854,4075.2417469413053,2.2433733670942244,298.2735630158455
79,COLES-ILLINOIS,5.2771292965015135,-88.2288627415496,39.52429379665635,1771.6632705154557,8.712840937537912,292.2261231975791
80,COLUMBIANA-OHIO,4.773850042864919,-80.83482340052237,40.801712527626975,2673.7219386858296,8.444066378944799,289.0222852204975
81,COSHOCTON-OHIO,7.170787460794664,-81.90372546340419,40.30657291927624,2633.442372292721,10.405949721175633,290.01900867933637
82,CRAWFORD-ILLINOIS,4.372047571188319,-87.76286703135452,39.002648845837314,2081.977337772066,3.036352244583336,292.67901611328125
83,CRAWFORD-IOWA,0.5779116005665621,-95.37289421510827,42.04188456594279,1570.5502539588829,2.346130340227059,280.7595650809152
84,CRAWFORD-OHIO,2.818005580478367,-82.91878950372374,40.85369665834745,1805.942967505602,6.233151422228132,287.2150839669364
85,CUMBERLAND-ILLINOIS,4.465443191518185,-88.24362707898295,39.27584141384568,1960.903712192622,3.5592040473764595,292.5116044477983
86,DADE-MISSOURI,28.950925801294996,-93.96620520271539,37.4130246275468,4314.447555506911,0.0,300.9127917680584
87,DALLAS-IOWA,1.3435736047082056,-94.03847795427532,41.69209413848388,1764.0931381475398,1.0644662031019576,282.87651262379654
88,DARKE-OHIO,1.92421706703657,-84.61913621598028,40.13121807087282,1764.136856604306,6.413094074829765,289.44799472974694
89,DAVIESS-MISSOURI,8.773660377918157,-93.97143910975521,39.9673988241575,2621.800047857239,0.024827228689735584,295.73487854003906
90,DAVIS-IOWA,4.005433304195356,-92.3883597533853,40.729819943093474,2636.3719032752815,4.509619860486551,286.35972907326436
91,DAY-SOUTH DAKOTA,6.347255988046851,-97.63458206838605,45.3669126344283,1282.1959061354225,0.093892551273913,275.7811025258657
92,DE WITT-ILLINOIS,5.27987915138257,-88.90781344877648,40.17417216482615,1683.149443136307,11.137426897457667,291.61205618722096
93,DEFIANCE-OHIO,2.288414971482092,-84.49218950398122,41.32670307526996,1742.8361743621197,2.239610167650076,281.3051776592548
94,DELAWARE-IOWA,0.799006463984383,-91.3890456753747,42.46535918628073,1635.8075115318636,5.256170723032444,283.3331828015916
95,DELAWARE-OHIO,4.239591792010101,-83.0122906748304,40.299888914668585,2214.147609132272,6.100648024876913,289.94900797526043
96,DES MOINES-IOWA,9.10672429880188,-91.19463035084526,40.93804190596216,1961.6067878003435,11.574227173709208,286.87545013427734
97,DICKEY-NORTH DAKOTA,6.657118151202741,-98.4583934154062,46.1191376719125,1363.5148754614793,0.23096173085817476,275.93761879525533
98,DICKINSON-IOWA,2.497764249338694,-95.14662863937934,43.370048749810216,1397.42807455188,5.637956763758804,278.36666084058356
99,DOUGLAS-ILLINOIS,3.8371392697818414,-88.22280738433078,39.76550041854341,1643.0243588148594,6.321759071506437,292.4061439389088
100,DUBUQUE-IOWA,1.9453811690429568,-90.90248237712318,42.45864702920038,1995.997452941942,4.659782102964456,283.5827444132092
101,DUNKLIN-MISSOURI,12.051926052388373,-90.08786037999587,36.26957039256413,2446.640294222494,0.0761799352404512,298.20234887393906
102,EATON-MICHIGAN,0.6168116849654791,-84.84876747007297,42.592905392778114,1874.5971208098533,2.301975621531407,284.2487560908
103,EDDY-NORTH DAKOTA,7.3324994879032515,-98.94618426087656,47.70689746593556,1321.4758656029162,3.0883006188604565,274.80999473289205
104,EDGAR-ILLINOIS,3.84101050426805,-87.74809439140992,39.68073520562029,1760.1686814771679,9.191277992340826,291.99818272744454
105,EFFINGHAM-ILLINOIS,5.832185420348921,-88.58529171257452,39.05925629693826,2433.863162979417,4.731131199528189,292.4467674704159
106,EMMET-IOWA,4.044135848201113,-94.68087731887692,43.375591696288716,1259.5636305382393,11.048815604412194,278.4921643806226
107,EMMONS-NORTH DAKOTA,4.39673142378027,-100.17218696509177,46.27864595660182,1446.4911773337342,1.915877691188524,277.37792424638144
108,FAIRFIELD-OHIO,7.646903133178322,-82.63899665829096,39.762301627667284,2558.6846491877654,9.375974648707622,291.7506322087468
109,FAULK-SOUTH DAKOTA,4.884860746996512,-99.1058926460054,45.085724412626455,1507.8654872640354,0.0,277.93566876366026
110,FAYETTE-ILLINOIS,6.3767385763511175,-89.01537597470956,38.997600467053566,2525.6841483168887,5.939991006063758,292.4371690662629
111,FAYETTE-IOWA,1.253854086637163,-91.86457187748809,42.85147901017316,1636.5034399074314,6.87486159604443,282.5600989475723
112,FAYETTE-OHIO,3.4013892641449868,-83.45847617272292,39.5628023682276,1882.8987765128568,6.0524905522664385,291.4643046061198
113,FLOYD-IOWA,3.246321767559843,-92.79168758105203,43.05117413363408,1522.4622226777733,10.423031477701096,280.97972797212145
114,FORD-ILLINOIS,1.512933089120843,-88.21905912621952,40.59895366080523,1462.8831541087811,6.8991108064527635,288.8136965268618
115,FOSTER-NORTH DAKOTA,7.192870814910552,-98.88557770449209,47.45231104412939,1230.2771427937525,2.959086025202716,274.9724686234086
116,FRANKLIN-ILLINOIS,13.174423777636443,-88.92681165983146,37.989903269695596,3182.286566320817,10.264318481324212,294.97670491536456
117,FRANKLIN-IOWA,2.564915878680213,-93.25974303049419,42.73003105498545,1412.2507304727833,10.336900966336028,280.82592218572444
118,FRANKLIN-MISSOURI,49.89699945504151,-91.10956171970396,38.49336850216835,3441.9997470956714,29.41152778915737,296.2392763884171
119,FRANKLIN-OHIO,6.340962734439862,-83.05388685807104,39.923469054982256,2291.6687730695567,9.872416365941366,291.2808894856771
120,FREMONT-IOWA,2.067232832656122,-95.58353541567473,40.751981664560866,1551.0454541100812,0.012157051703509163,287.19981043198527
121,FULTON-ILLINOIS,1.709420776485671,-90.21665814705653,40.472923880492104,1979.7197344741028,1.369426629856123,289.8829871644365
122,FULTON-OHIO,2.37525770113906,-84.13576857384767,41.602408247003225,1588.1541879258905,3.009260367962622,279.9971889372795
123,GALLATIN-ILLINOIS,10.739952483914005,-88.22514405699584,37.77969023985555,1822.5983440074517,6.190085172653198,296.5916604096035
124,GASCONADE-MISSOURI,22.209589813818884,-91.5147092457676,38.47169951534469,3686.3051945220423,10.653705273589043,296.8020621521832
125,GENESEE-MICHIGAN,2.113931333792605,-83.7308696918778,43.03228347454339,2064.144283132839,8.809201062942037,284.42993755729833
126,GLADWIN-MICHIGAN,1.9291674883449343,-84.45842422815545,43.9645458746945,1962.6402905997477,9.018897863081945,282.45350741162713
127,GRAND FORKS-NORTH DAKOTA,6.4412266731835,-97.48023426445069,47.9255899317846,1102.2235062465472,3.6981642205912366,277.34644449563854
128,GRANT-SOUTH DAKOTA,4.970908942351776,-96.71961240546418,45.17342066874307,1430.6203381092798,0.29086887632679737,276.4714843228332
129,GRATIOT-MICHIGAN,7.449806727835925,-84.60689203090683,43.29604552924339,1600.940232450088,16.887031826105986,283.0339143926447
130,GREENE-ILLINOIS,5.718188916415873,-90.38585894084746,39.353967621888806,2335.2795390413776,5.980705819410436,294.56876077090993
131,GREENE-IOWA,1.3482034185806548,-94.39301871839356,42.03570237658916,1455.347167499078,4.046512358567932,281.76419136740947
132,GREENE-OHIO,3.9576468418751904,-83.84502025031075,39.6800042207024,2192.7341343972716,4.107574090361595,291.5813264846802
133,GRIGGS-NORTH DAKOTA,6.366501762310506,-98.23460744482499,47.445909707862874,1240.0919253380546,3.0234563887119292,275.3335390726725
134,GRUNDY-ILLINOIS,0.745484301332475,-88.42551696918929,41.27452045136116,1524.06809476181,1.2990704369731247,284.1570520401001
135,GRUNDY-IOWA,0.849661806963833,-92.79269729160744,42.397945953038594,1543.612858430546,4.418932917714119,282.57190933227537
136,GUTHRIE-IOWA,1.9859295960374403,-94.50199668070367,41.686263632998255,2032.1484563929914,1.6573389404349856,282.40657459605825
137,HAMILTON-IOWA,1.7796894080237793,-93.70820666359822,42.38484909613167,1271.2710830899073,6.566147097132423,281.2748732133345
138,HAMILTON-OHIO,7.985212781839929,-84.68857015573754,39.22772475609859,2746.2078182794676,4.091581696813757,292.68218647349966
139,HAMLIN-SOUTH DAKOTA,3.9141559169625433,-97.19807925342843,44.679749086297825,1441.870877452353,0.5935478203826481,276.44471367730034
140,HANCOCK-ILLINOIS,1.866814289698341,-91.1612898382304,40.40253429015392,2050.0877189880207,0.004554712575329236,289.4127487308723
141,HANCOCK-IOWA,7.759114315318391,-93.74122197436104,43.07920889937603,1162.0026680914366,15.72451058842919,279.03558349609375
142,HANCOCK-OHIO,1.6893812622665092,-83.66688435608562,41.00201850380498,1896.7059228090106,5.976639369638955,284.4992389213748
143,HAND-SOUTH DAKOTA,4.091454912097723,-98.96840025577511,44.57058694326554,1562.766010593094,0.0,278.2506843028722
144,HARDIN-IOWA,2.133408623480496,-93.23402060744307,42.37830809739248,1558.0833207212465,3.4664260121909054,281.7638445767489
145,HARDIN-OHIO,2.2559501768970893,-83.65842758494506,40.66253316125679,1685.7177875657535,3.7224642619108543,287.466551951873
146,HARRISON-IOWA,1.0230110789322424,-95.81052439132476,41.67385323228983,1529.5671495999227,0.6043130824388552,283.2255501234827
147,HARRISON-OHIO,9.392948543752455,-81.06493371960718,40.35360587019765,2614.4484752767794,14.036457662229184,290.09003646285447
148,HENDERSON-ILLINOIS,4.688870366193757,-90.91295759819432,40.811624594380554,1850.6597924935447,5.48287961835211,287.43920343572444
149,HENRY-ILLINOIS,0.6396692277816528,-90.13665967745627,41.34686806311193,1737.8101128193648,1.612028613438209,285.7403828938802
150,HENRY-IOWA,7.670905241211233,-91.52745074224904,41.000153771299395,1982.5986531011972,15.539340276271105,286.6719961166382
151,HENRY-OHIO,2.864543964902376,-84.07092664628685,41.33063549036867,1664.619872243311,2.282512407643454,281.1306182861328
152,HIGHLAND-OHIO,5.906793588904805,-83.62891724628093,39.19158372776629,2513.9272076195284,7.4589231772856275,292.3342968333851
153,HILLSDALE-MICHIGAN,1.2262580833831296,-84.58820247955046,41.88096394720773,1812.4779493549702,2.7438554496181253,281.1922610535914
154,HOCKING-OHIO,5.057412465813474,-82.52310538313347,39.51516181902522,2361.5487526856996,6.756588409928715,291.96897888183594
155,HOLMES-OHIO,7.444671362479774,-81.95635680848667,40.57949628513755,2962.804523921659,9.449695387194234,288.8033412810295
156,HOWARD-IOWA,7.759030748438515,-92.31902364684127,43.34858647013637,1542.8079494939955,16.274050105701793,279.95031540115156
157,HUMBOLDT-IOWA,3.393374941117424,-94.21076601881113,42.777654438647694,1213.8411530166907,10.58143189691362,280.16907864525206
158,HURON-MICHIGAN,2.123314764319394,-83.0122503370643,43.83100277776753,1629.7056334349188,3.1886287122775037,279.8468633761072
159,HURON-OHIO,2.7497538312292957,-82.59786356507162,41.14632572902303,1922.886856811326,9.212210938334465,285.1083423614502
160,HUTCHINSON-SOUTH DAKOTA,1.7312279630834428,-97.76481181938631,43.3354974664048,1735.613504299752,3.250156018027553,279.85731540256074
161,IDA-IOWA,2.776851998877023,-95.50667876651704,42.38512378580109,1572.059581785062,3.866495835058617,279.89882590553975
162,INGHAM-MICHIGAN,1.9225854515700644,-84.34688660051854,42.57821490214831,1785.685378694171,1.5233461068736183,284.65167609320747
163,IONIA-MICHIGAN,4.981967650062596,-85.06607529134929,42.92806832558058,1669.1376100861505,12.977204584607891,284.20724606981463
164,IOWA-IOWA,0.3984281076546286,-92.0693683787945,41.67496811722481,1938.668836624748,0.7361197781683219,284.6856002036971
165,IROQUOIS-ILLINOIS,1.8055817291220708,-87.8279599399587,40.74393511289623,1470.614233617392,5.852556813330877,287.83590552920384
166,ISABELLA-MICHIGAN,6.534140938912393,-84.81998065411018,43.63090956442474,1673.4136012163785,16.70294747060659,282.82598129583863
167,JACKSON-IOWA,0.4816536506066968,-90.58122201926271,42.161628550291276,2082.718925530847,0.38816894218325615,284.2090979356032
168,JACKSON-MICHIGAN,2.203513343833354,-84.44815625294252,42.2526800044138,1845.3671067596276,1.156105772192989,283.180184500558
169,JACKSON-OHIO,7.9924539863615776,-82.64142501725523,38.973772783397386,2906.587178043479,4.8582306464513145,292.6984537760417
170,JASPER-ILLINOIS,4.478854323469561,-88.147770846524,39.01073766588409,2066.7205832040227,3.523114988207817,292.4747844696045
171,JASPER-IOWA,1.521875283477129,-93.05485319256746,41.68593106786568,1925.3210891988863,0.04342728947836255,283.27816288054936
172,JASPER-MISSOURI,30.953584180735174,-94.35754025177434,37.25647472259546,4397.152185849484,0.0,301.383238250134
173,JEFFERSON-ILLINOIS,19.786213267763983,-88.92461843565484,38.2850320271838,3346.3940131994286,18.829470858854407,293.721000402114
174,JEFFERSON-IOWA,5.824006609021056,-91.95976741313113,41.04049823832662,2071.9957493420934,16.3493307576035,286.27261953642875
175,JERAULD-SOUTH DAKOTA,3.813692601661591,-98.57294649476832,44.065851154472924,1612.296252295626,0.16689840174212897,278.32431722424695
176,JERSEY-ILLINOIS,7.094610942519278,-90.33732121876359,39.102941535310265,2659.4021262901388,5.425980145076536,294.5013692603921
177,JO DAVIESS-ILLINOIS,0.8910916123533164,-90.15038305806279,42.372149019177805,2005.885352425435,0.6125271916389465,283.52797476450604
178,JOHNSON-ILLINOIS,13.61779074739106,-88.87597199398765,37.429939613356446,3193.9739690687898,6.105943137524175,297.1434272317325
179,JOHNSON-IOWA,0.9898692130204856,-91.59316541377076,41.6511348586393,1997.6577975361108,1.496930480003357,285.3945245651972
180,JOHNSON-MISSOURI,17.495442979133344,-93.81578279767457,38.743785996712504,3224.044941211454,1.3828767579980195,300.92379355430603
181,JONES-IOWA,0.2647548333064808,-91.14695256346016,42.110447121616225,1711.8823553506666,0.5002358200197871,284.43918366865677
182,KALAMAZOO-MICHIGAN,1.0451626083998533,-85.51424297603012,42.214660124569434,1900.9476848871898,1.4090038754723289,283.76181723854756
183,KANE-ILLINOIS,0.4642939710311713,-88.48247584500419,41.94099707766246,1773.541587407951,0.5609621062528255,281.96438563147257
184,KANKAKEE-ILLINOIS,1.1900919826037883,-87.86818558986134,41.14052600489483,1601.807329810453,3.023439537141925,285.2136800890771
185,KEOKUK-IOWA,0.2751571636271389,-92.17069225735483,41.340878995551805,1962.6237928518804,3.8767474730583755,284.96970506147903
186,KIDDER-NORTH DAKOTA,5.184000810201957,-99.7733925718341,46.978985503067435,1350.585810071557,3.963054319456512,276.00954817229626
187,KNOX-ILLINOIS,1.12053490485889,-90.21637510493271,40.93692770505756,1856.4068376302412,5.890310006939675,286.9722252207354
188,KNOX-OHIO,4.751153633299873,-82.44741660327568,40.39429556988967,2563.1963649377344,9.090217957129845,289.23636451134314
189,KOSSUTH-IOWA,7.127201275468607,-94.20322192819668,43.20343898096512,1194.93008974268,14.722749023210435,279.12182998657227
190,LAFAYETTE-MISSOURI,13.219108259988854,-93.76827589921426,39.07626437660833,2722.3365383705373,3.183129236102104,300.340337117513
191,LAKE-SOUTH DAKOTA,3.948776742596191,-97.13041521586514,44.023449167151526,1479.7780984418328,0.44678271065155667,277.2749113859954
192,LAPEER-MICHIGAN,1.5118454022597358,-83.19384342946181,43.115003332737736,1950.210345246369,4.639850601685786,283.8696178335004
193,LAWRENCE-ILLINOIS,4.587378986855885,-87.72550091359551,38.722784228430065,2296.9927587436136,7.137510336362398,293.1151686448317
194,LAWRENCE-MISSOURI,30.158613964187428,-93.90291209997154,37.10404904586057,4505.376589516211,0.0,300.2727714361146
195,LEE-ILLINOIS,1.070321639457377,-89.29562490648843,41.73714248095144,1584.3167530803307,0.41281769470830937,284.1111455596654
196,LEE-IOWA,2.7703436293147936,-91.48669475984217,40.66777292321341,2165.1025360497383,0.03140411249707254,288.07588933023175
197,LENAWEE-MICHIGAN,2.404378906495974,-84.04980570145578,41.8795468028627,1675.2563519274477,5.152967131499088,280.7714887676817
198,LEWIS-MISSOURI,5.589352079960273,-91.71749413492863,40.09141160997964,2496.2929741501102,0.4023632552379217,291.08257821890027
199,LICKING-OHIO,5.947482984330032,-82.54479640797486,40.09749615965554,2406.616186410672,9.515868208823948,290.55278085131164
200,LINCOLN-SOUTH DAKOTA,1.9586256187585305,-96.72524513294658,43.27490746241951,1569.6187318874868,1.742470505768838,279.5035022238026
201,LINN-IOWA,0.7957296339003681,-91.60373329566538,42.085232049350125,1795.6929251481317,0.6583647182054608,284.90461802259784
202,LIVINGSTON-ILLINOIS,1.5883845787918591,-88.55779669554454,40.891616461980256,1483.6000239483765,5.926191954385667,287.3713021051316
203,LIVINGSTON-MICHIGAN,1.9250972542212923,-83.98000246400693,42.62913592118628,2044.435592687296,2.4553929440026145,284.527979878546
204,LIVINGSTON-MISSOURI,9.274978198171787,-93.53873963758345,39.782752812485995,2555.569917236659,0.30625005223249135,296.81029831735714
205,LOGAN-ILLINOIS,3.810159731864249,-89.36837074457091,40.12273867354457,1714.069609703214,4.1250283588277235,292.80508996944616
206,LOGAN-OHIO,2.2493144451887988,-83.76587681120343,40.387395400309416,1897.9348804515055,5.968564848105113,288.67199918958875
207,LORAIN-OHIO,2.3859389625565823,-82.17376605751059,41.25638395115972,2318.76437835464,6.321946961970269,284.64375208601166
208,LOUISA-IOWA,4.616467541514663,-91.27351855671085,41.211184227717396,1878.516881032835,11.236250407768019,286.5437127315637
209,LUCAS-IOWA,3.853930827891503,-93.32575369106547,41.02619513411493,2753.0709309982612,0.0,285.0314326430812
210,LUCAS-OHIO,2.8839134332941,-83.67219223658316,41.60000763268392,1753.1081465361278,4.290871082567701,279.6318191827512
211,LYON-IOWA,2.3227162574575635,-96.19583535496852,43.378402582587185,1593.9799564642026,5.449975120900858,279.1201988759667
212,MACOMB-MICHIGAN,1.8547103761441572,-82.89272410416089,42.79701552135121,1937.0271586070803,4.278842627056061,284.0416768391927
213,MACON-ILLINOIS,3.2717705911680954,-88.9731138218627,39.8599557460255,1671.1103675536483,2.7098781997110786,292.64131536716366
214,MACOUPIN-ILLINOIS,5.304972163251556,-89.9189814793809,39.27151708552667,2265.6401514922227,6.886221863699298,293.90689498143837
215,MADISON-ILLINOIS,16.81374574288294,-89.86114941592996,38.828560137044114,2955.847627615458,16.21494248017021,293.78242346722146
216,MADISON-IOWA,2.321227865295881,-94.02998843510856,41.33672390779975,2401.722253262807,0.6583698026158593,284.3409011147239
217,MADISON-OHIO,3.4134414634842942,-83.39920598539176,39.890938814888294,1830.3828839600046,5.732384458968514,290.4806647049753
218,MAHASKA-IOWA,2.317074778270132,-92.64263269131952,41.344679568583246,1865.1771667920682,0.18173112279989503,284.3462170687589
219,MAHONING-OHIO,4.364223466985047,-80.79798402015773,40.984722206887625,2541.6847538915736,7.1339389047315045,288.49944871471774
220,MARION-ILLINOIS,14.72624440084807,-88.92292028168,38.66118107426932,2829.083775518183,17.140851741366916,293.58359578450523
221,MARION-IOWA,1.8782642735814523,-93.09834631030888,41.333426226942855,2252.7400240622924,0.0,284.2502198652788
222,MARION-OHIO,2.583488742315521,-83.1598507331179,40.58560969571638,1674.6808205022407,6.73592453911191,289.0525318932912
223,MARSHALL-ILLINOIS,2.0304891220128134,-89.34250682174657,41.03606606481756,1666.5641454647357,9.238182487772471,286.8709489053755
224,MARSHALL-IOWA,0.1340884361602454,-93.00312317532595,42.03465677758979,1771.8748003149958,1.2653429455434282,282.9020169576009
225,MARSHALL-SOUTH DAKOTA,5.676919234707144,-97.66205413627407,45.76938815897488,1411.5975122060547,0.005438677378390965,275.6807973761308
226,MASON-ILLINOIS,3.3323028199021723,-89.87981093241164,40.24634293101642,1832.484766369968,4.085153103836121,292.12327821793093
227,MASON-MICHIGAN,2.769850145282588,-86.28081681487802,43.95234231727407,1805.207427734662,11.5523467870859,285.5853036733774
228,MCCOOK-SOUTH DAKOTA,2.338250861492853,-97.36119505394682,43.669143406783924,1615.3357267756853,1.4426940667132537,278.7943817774455
229,MCDONOUGH-ILLINOIS,2.0809189743851304,-90.67189293735836,40.46515640666938,1927.3694954198472,0.2758957821537148,288.94930267333984
230,MCHENRY-ILLINOIS,1.0573565301416088,-88.5103218503825,42.33605536115847,1728.9709805027956,0.1289637414738536,281.5279531478882
231,MCHENRY-NORTH DAKOTA,6.400770235025631,-100.68916403242451,48.20762329618526,1410.0332999948398,1.5708435260888303,276.30650042909565
232,MCLEAN-ILLINOIS,7.580146278986849,-88.84331688777611,40.49147612997414,1605.4880126168482,14.779327235408335,289.7598904231407
233,MECOSTA-MICHIGAN,9.235185409463028,-85.3130930888072,43.61731828532324,1851.9179786458258,18.793978329058046,282.9800053349248
234,MEDINA-OHIO,5.292742229788792,-81.94395947659936,41.09848304301492,2706.7091381149066,10.910788230041959,286.56451188272507
235,MENARD-ILLINOIS,4.933502137955701,-89.79917021594866,40.029023289241835,1886.969405894888,0.03554961085319519,293.3558486627073
236,MERCER-ILLINOIS,3.5033279901433145,-90.73271883496038,41.20596057334585,1809.853775142179,6.75425297902389,286.3283393166282
237,MERCER-OHIO,0.8683421325951381,-84.63493419381568,40.54275209450767,1794.2900421952688,3.5531781911849976,287.91600917762435
238,MIAMI-OHIO,3.986185227166861,-84.2337108895244,40.05878919215195,2003.3445888146873,7.8879965635446405,290.2945030799279
239,MIDLAND-MICHIGAN,3.5887830339617084,-84.37784318399622,43.6278477766498,1766.014988828884,11.186552555330339,282.4090349751134
240,MINNEHAHA-SOUTH DAKOTA,2.336575983317497,-96.78435495611983,43.68084388547183,1737.7039858785884,2.24501196089692,278.34457253283404
241,MITCHELL-IOWA,7.962779660405068,-92.79756509976788,43.34921442761483,1563.496996599112,17.00578957512265,279.3672172909691
242,MONONA-IOWA,1.7245869946688157,-95.96711724848743,42.05805485307611,1313.408189824019,1.7413988281380046,281.8834123091264
243,MONROE-ILLINOIS,25.22747443477343,-90.17708675760657,38.28134206053487,3476.4925745654336,18.01533730303655,294.5693639536373
244,MONROE-IOWA,2.649458498951134,-92.85009075265718,41.03571113677005,2570.7521881610187,1.2616436341495225,284.8341684052439
245,MONROE-MICHIGAN,1.244422810006009,-83.55270448820607,41.93467618160421,1907.3653624197361,5.013397499918938,281.0698817571004
246,MONTCALM-MICHIGAN,12.496291319845067,-85.12253778246874,43.30832760062416,1732.6374438023315,21.3204152543666,283.5799066575907
247,MONTGOMERY-ILLINOIS,4.948470303903224,-89.47762026236168,39.242998632760234,1977.171102633037,7.125389134118317,293.1899971218284
248,MONTGOMERY-IOWA,1.0997331541238342,-95.16041427490597,41.03121662253255,1802.4375502626724,0.11377293593955762,285.8743443344579
249,MONTGOMERY-OHIO,3.1379297585492223,-84.36776547217927,39.7611162834439,2162.196545878794,3.8146855047770907,291.43368661063056
250,MOODY-SOUTH DAKOTA,3.939663035312535,-96.67297554046502,44.01822516179926,1509.5784093972377,0.46167247825198704,277.3711252848307
251,MORGAN-ILLINOIS,5.085178820545126,-90.19265603452894,39.712905367337754,1929.9098395362053,1.4993986556927363,294.83668212890626
252,MORGAN-MISSOURI,27.46143677213691,-92.85802593601075,38.53272995576987,4266.333156941258,0.37729759611092606,300.44309185077617
253,MORROW-OHIO,4.391551355231902,-82.80412493418261,40.52418490023816,2271.601188618863,10.413721561431885,288.7908183994578
254,MOULTRIE-ILLINOIS,4.020884482492643,-88.61675716422123,39.64785801325328,1669.6949557090659,2.6107685037378996,292.5283508300781
255,MOUNTRAIL-NORTH DAKOTA,5.739491013765689,-102.21470193893586,48.220426585509365,1313.49080711908,1.9715479612350464,279.90477985319546
256,MUSCATINE-IOWA,0.6031031802010948,-91.10955027844103,41.49326360368043,1857.4982460775946,1.1391828362492546,286.1899445022362
257,MUSKINGUM-OHIO,6.350876968771848,-81.99566654455155,40.017196964578744,2511.5792521821954,10.95161881270232,290.9420587045175
258,NELSON-NORTH DAKOTA,6.435445536526445,-98.1863045123961,47.913213530657934,1100.4568629377452,3.707355118046204,274.9940193494161
259,NEW MADRID-MISSOURI,10.732451503299272,-89.65977190110222,36.59637949974316,2179.5802098852737,0.0,297.3315208003206
260,NEWAYGO-MICHIGAN,15.300617758776305,-85.83043490906185,43.46056276015339,1870.389295921064,23.288222178706416,284.1414555302373
261,NEWTON-MISSOURI,35.37302880937552,-94.18963127055858,36.91063537075248,4839.981637455708,0.0,301.1678864852242
262,NODAWAY-MISSOURI,4.181798547626608,-94.89850520401056,40.35227393589563,2109.5642988747713,0.0,291.8525401295482
263,OAKLAND-MICHIGAN,1.8102837769809952,-83.45411007052732,42.71735366997153,2151.0503216019797,2.8403414861630587,284.0084091445147
264,OGLE-ILLINOIS,0.295406937634299,-89.31608617704431,42.047265071294504,1688.767757181386,0.0934542474746704,283.49228051757814
265,OSAGE-MISSOURI,18.725951221833885,-91.83027991911808,38.50456522218478,3719.3543557072676,3.2135949046988235,297.7637505782278
266,OSCEOLA-IOWA,2.584910587115877,-95.61970060483682,43.37734092168879,1376.7647581053382,3.7662671307722726,278.5622028774685
267,OTTAWA-OHIO,2.8295231725109,-83.18907889882625,41.53311810709994,1790.6353059876944,4.924994657624443,279.32329343399914
268,PAGE-IOWA,1.830782637977773,-95.1563603127588,40.74086012640874,1845.646457607248,0.003802367570725354,287.68090577559036
269,PALO ALTO-IOWA,3.1077699765608946,-94.67442783663088,43.08462434010306,1310.1009101201125,9.578301673585718,279.5704546841708
270,PAULDING-OHIO,1.541623643528221,-84.57868800566807,41.11543539833097,1789.7521951269387,3.4905893972941806,282.8267754448785
271,PEMBINA-NORTH DAKOTA,4.842232332801782,-97.55891959000539,48.78492541572917,959.0968577040218,4.56222756279325,278.02910251061894
272,PEMISCOT-MISSOURI,12.666796282367237,-89.79519975591325,36.212565827573094,2117.138285243998,0.00854649747672834,298.0864799901059
273,PEORIA-ILLINOIS,2.4066569805947458,-89.78964915252156,40.7992248436586,1913.9999626228257,9.04824807717628,288.48291015625
274,PERRY-ILLINOIS,17.174942828735414,-89.3581707005717,38.089194145199066,3302.8343847189785,15.439515038142128,294.7298351469494
275,PERRY-MISSOURI,55.49315781397592,-89.78369543831836,37.72868627408127,3667.7446242070437,33.93382826718417,295.4252640365006
276,PETTIS-MISSOURI,23.44982037246809,-93.31847019157433,38.74846483991139,3970.7328990474884,0.17510324547875603,300.2781968026791
277,PIATT-ILLINOIS,5.083893679881647,-88.590042403649,40.01136191255061,1550.8633330156067,9.290054066313637,291.8407393561469
278,PICKAWAY-OHIO,3.4877422668398825,-83.02753370668218,39.64207403799258,2104.1113445150013,4.92443036413812,291.8059684456169
279,PIERCE-NORTH DAKOTA,8.957587327316848,-99.95054612386481,48.265415592438835,1216.4451990454227,1.9929881518326917,274.7902129830666
280,PIKE-ILLINOIS,5.337303169509848,-90.88512817011872,39.62941139038077,2154.3927180793903,1.6421933521827061,294.461673070514
281,PIKE-OHIO,6.348809149578092,-83.05240000030281,39.08420081990018,2315.629309025101,5.228124404654784,292.6521346148323
282,PLATTE-MISSOURI,13.516521476004677,-94.80233294560446,39.40664088639244,2297.5815925356474,1.1093867833483708,301.6907373715753
283,PLYMOUTH-IOWA,2.866571077565421,-96.18993861559215,42.746777381947695,1568.026842384046,1.561198745224927,279.4812727232237
284,POCAHONTAS-IOWA,2.567329939049781,-94.67982589101221,42.734274434956994,1216.9702389464421,7.313886021122788,279.8822049227628
285,POLK-IOWA,1.9301241012479773,-93.53433281377612,41.71068232535439,1907.6675832377282,0.11134326691721,283.1638796937232
286,POPE-ILLINOIS,10.701919161655892,-88.55975896471641,37.3235300847012,2545.1527034723335,4.738246963669856,297.5476773579915
287,PORTAGE-OHIO,6.177909192679743,-81.17894042676215,41.148140578468755,2442.678748976076,11.760121232933468,287.5039159986708
288,POTTAWATTAMIE-IOWA,1.7699640652858104,-95.51207728293089,41.33899617009717,1687.0254934810334,0.05527372780728013,284.52391574807365
289,POTTER-SOUTH DAKOTA,4.755987256275027,-99.86256297657863,45.070667575093694,1468.7250130418022,0.0,278.4751812970197
290,POWESHIEK-IOWA,0.9011445055300232,-92.5304635979327,41.6863843346042,1879.3302991177907,0.14463931502717914,283.401210900509
291,PREBLE-OHIO,3.0569319631620684,-84.64920124149775,39.75231467555027,1968.0228132697362,4.132485261186957,291.1515655517578
292,PULASKI-ILLINOIS,15.230026726377082,-89.12630823860792,37.22329412163273,3168.6989173806624,1.6493646018207073,297.2244119644165
293,PUTNAM-ILLINOIS,0.2499693509515538,-89.273765302183,41.20225067491877,1748.3742107851938,3.448239359362372,286.5829246784079
294,PUTNAM-OHIO,1.4458914256824962,-84.1373295181223,41.02142889169058,1877.5164178065431,4.811942990620931,283.7722587076823
295,RALLS-MISSOURI,6.974983867597516,-91.54181567430484,39.51833950834412,2407.2078905280646,1.0022580792074618,294.8588084345279
296,RAMSEY-NORTH DAKOTA,8.680178895886904,-98.7099929719596,48.27905481126758,959.2184421867951,2.711318422918734,274.4373105256454
297,RANDOLPH-ILLINOIS,38.09965207348217,-89.83348910829301,38.06617637945053,3423.915475439,24.558024311065672,294.9906016031901
298,RANSOM-NORTH DAKOTA,5.549282307849672,-97.68979854616758,46.46187227711167,1275.5156139322255,0.25032401915107455,276.2122188023159
299,RENVILLE-NORTH DAKOTA,7.381443246658063,-101.6335040777028,48.71922406410606,1291.8967434593958,1.457666851534988,276.78799956350616
300,RICHLAND-ILLINOIS,4.973099429786106,-88.0850275409599,38.715666202841625,2412.3050358969626,7.944943334542069,293.06754258099727
301,RICHLAND-NORTH DAKOTA,6.275133117319972,-96.93263411754093,46.25158680653562,1238.5394977327492,0.08320841765871236,276.6594474044501
302,RICHLAND-OHIO,4.7033084288457685,-82.55636097763448,40.80409759816239,2396.1727891881224,10.1259785905669,287.98986777776406
303,RINGGOLD-IOWA,3.045318214141922,-94.26662405922282,40.752083532909694,2591.9421600623527,0.9465675743466074,286.8279571533203
304,ROBERTS-SOUTH DAKOTA,5.406479692842435,-96.91860845216156,45.66154217030473,1353.9102052901221,0.178396290178457,276.34924012916525
305,ROCK ISLAND-ILLINOIS,1.1191903467368152,-90.57203331554507,41.45572548082121,1945.1964457594584,0.09142544951991759,285.7618863755378
306,ROLETTE-NORTH DAKOTA,8.683245758361572,-99.78125228378264,48.735164053923256,1164.3151359112358,1.3454319274569133,273.7808716555676
307,ROSS-OHIO,5.089050173501982,-83.09551400955029,39.37169845172985,2376.9842829504237,7.103210019130333,292.2631653430415
308,SAC-IOWA,2.0634650473006886,-95.11665679777869,42.38911818514642,1470.01327929733,3.539565869353034,279.8009147644043
309,SAGINAW-MICHIGAN,4.941904083186709,-84.05074779904126,43.32852407585068,1715.139645352157,13.688692976051653,283.2038995447293
310,SALINE-MISSOURI,15.08983609855341,-93.21306690728774,39.148503472602556,3086.7733258532417,3.7298265183965364,299.4595026652018
311,SANBORN-SOUTH DAKOTA,3.3980600424089062,-98.10744640915189,44.002874576649745,1772.920473448737,0.5934020220129578,279.02849720142507
312,SANDUSKY-OHIO,1.6571731916844985,-83.15090990078309,41.355276351685575,1776.4933355923843,7.072863461314768,281.59525199558425
313,SANGAMON-ILLINOIS,4.566498464519942,-89.65302135042018,39.75557945999353,1885.134136417695,0.7317184401092245,293.9231560550519
314,SANILAC-MICHIGAN,2.0091092322164545,-82.81418531555599,43.40772051613262,1671.381533340203,1.9138925991275093,281.65759813713305
315,SARGENT-NORTH DAKOTA,6.167355775405467,-97.61161061497214,46.112909870728295,1238.3700051419903,0.0,275.7427135560571
316,SCHUYLER-ILLINOIS,3.457183063209438,-90.61989081268463,40.15450037994274,2185.1405251798224,0.06115744539669582,291.04368678501675
317,SCIOTO-OHIO,6.7098509430715465,-82.95467917227384,38.812530982861844,2244.370642682893,4.531477558201757,292.6218121408046
318,SCOTT-ILLINOIS,5.467797849158961,-90.47520586361163,39.64365929419636,2090.4481692360696,1.6199534519722587,294.8726124010588
319,SCOTT-IOWA,1.0659823137010545,-90.65046206127555,41.650956573692135,1816.181242449993,0.3358548468426813,285.4765466617633
320,SCOTT-MISSOURI,14.7726529038399,-89.56609512504382,37.04208342778191,3167.9053875649465,0.5846711144302831,297.22694073301375
321,SENECA-OHIO,1.7125820707877135,-83.12627081740729,41.1215305896909,1808.4096333379755,8.080532108034406,284.39710199265255
322,SHELBY-ILLINOIS,3.93114025528334,-88.79616063461789,39.39123928042313,1956.3771953573284,3.0932943748153803,292.7134229354276
323,SHELBY-IOWA,0.8739923935714133,-95.30683287476222,41.6817003723507,1522.532250981325,0.9047165636462394,282.60902697630604
324,SHELBY-OHIO,1.8151170288873175,-84.20164949523009,40.33660204517682,1878.1559926762304,7.447553862058199,288.72195199819714
325,SHERIDAN-NORTH DAKOTA,5.939465267540852,-100.3028836738732,47.59314431721608,1264.494743110048,2.3128590070840085,276.63187089399855
326,SHIAWASSEE-MICHIGAN,1.2919988728306786,-84.13626033469573,42.964965200680965,1844.94431926496,6.28376456824216,284.63621798428625
327,SIOUX-IOWA,3.339775899633752,-96.16039544760997,43.07787881595607,1602.43672309486,1.3141220317167395,279.2462642894072
328,SPINK-SOUTH DAKOTA,3.867190040722405,-98.335547483817,44.94901155682849,1502.7938603442103,0.05708782666030972,277.411218518955
329,STARK-ILLINOIS,1.361967877724786,-89.79925114557282,41.08920083417874,1659.7461790750244,6.688213695559585,286.6530975877193
330,STARK-OHIO,7.297796077015801,-81.36458156389743,40.81307823073065,2705.550150015386,11.729879269997278,288.391409556071
331,STEELE-NORTH DAKOTA,5.114859992708294,-97.72798542344265,47.45387145885576,1133.6252890974665,4.090659081935883,276.3954679965973
332,STEPHENSON-ILLINOIS,1.4366154349508695,-89.65564485236021,42.3559334233988,1745.1314662799475,0.48375366663648967,283.3262023925781
333,STODDARD-MISSOURI,11.88493767259349,-89.93421919920453,36.84005688107021,2629.5527007657656,0.19634460767761605,297.2168836749968
334,STORY-IOWA,-0.1588284967070918,-93.45421711808244,42.03728970156956,1583.0308000479936,1.420634799721566,282.06386427445847
335,STUTSMAN-NORTH DAKOTA,6.664353803383512,-98.89739570887136,46.96348974874919,1253.5862434095827,1.897861103885449,275.4635958304772
336,SULLY-SOUTH DAKOTA,2.6878698559491885,-100.15965254182657,44.70024434498437,1460.7850123621156,0.02799338334136539,279.5820978800456
337,TAMA-IOWA,1.1523113843180686,-92.53862955863868,42.09701687330486,1824.016662569735,1.2877082095904784,283.5300442782315
338,TAZEWELL-ILLINOIS,11.632860948981476,-89.50435493032532,40.49075860421618,1793.0748248471252,16.380763750984556,290.3171136765253
339,TOWNER-NORTH DAKOTA,9.917458054334196,-99.25170975955083,48.66989519249733,1085.749665570096,1.5462674257082818,274.0081380208333
340,TRAILL-NORTH DAKOTA,5.74224472828327,-97.18286736710544,47.45028563943743,1050.7737565644131,3.2118842079214853,277.68972882832566
341,TRUMBULL-OHIO,3.029253124363567,-80.74652876088372,41.35745432803138,2326.9853540004956,4.802079695242423,287.82268382884837
342,TURNER-SOUTH DAKOTA,1.782186218398375,-97.14957101970953,43.3101073997463,1577.248795361447,3.437854322294394,279.439530549226
343,TUSCARAWAS-OHIO,8.405636221693197,-81.50692296243952,40.454623072930765,2915.6267519306402,11.39116285202351,289.8137346632937
344,TUSCOLA-MICHIGAN,2.069151360179813,-83.42429858104884,43.46770671291382,1718.2210655156173,8.247133794038191,282.37829169674194
345,UNION-IOWA,2.1429968744513648,-94.26985214706845,41.03708768841219,2362.9571790348664,0.8985532341581403,285.4185055819425
346,UNION-OHIO,2.647249110730557,-83.37312642533423,40.306822787324414,1907.7598504131554,4.831710130421083,289.6184227786847
347,UNION-SOUTH DAKOTA,2.075825843544337,-96.65904593196947,42.844908323925075,1588.0462636680131,1.6584163034284436,279.95464221851245
348,VAN BUREN-IOWA,2.72855154128812,-91.94042535048825,40.768098808750786,2325.333654954626,2.1246455397456883,287.38103675842285
349,VAN WERT-OHIO,1.417060510029981,-84.58681099794167,40.85632892838855,1664.1381983542549,4.357156146975124,285.3526710061466
350,VERMILION-ILLINOIS,2.466505052311104,-87.73984650606995,40.19037583861473,1644.7767979960977,7.213162190430648,291.1718000932173
351,VERNON-MISSOURI,18.163309347527857,-94.37259421110181,37.88112489732463,3222.6928469160093,2.2489343407253424,301.6686571756999
352,WABASH-ILLINOIS,15.046721630564306,-87.8529928245532,38.44927912680978,1963.280798564903,17.636696815490723,294.1658206515842
353,WALSH-NORTH DAKOTA,5.779475824450583,-97.70209401479687,48.36485365900914,1022.4841135710715,3.81511352803972,277.4208150227865
354,WAPELLO-IOWA,4.150126495213359,-92.38793944498688,41.05463170999324,2043.393662669696,11.521354274316268,285.36260015314275
355,WARD-NORTH DAKOTA,5.865868162164485,-101.47366349524832,48.22376210988628,1302.953204299242,1.8066412290250222,277.8580138839762
356,WARREN-ILLINOIS,1.3536962619960418,-90.6178947549064,40.84891020411218,1792.3698262446237,4.601883491331881,287.4536607915705
357,WARREN-IOWA,2.530695491395744,-93.55468973087396,41.345988049111405,2493.039645124214,0.015097635713490572,284.2950959639116
358,WARREN-OHIO,6.090605172206192,-84.14642523560961,39.424153963622246,2686.2823567774053,3.4375866362825036,292.2088813781738
359,WASHINGTON-ILLINOIS,10.970761394135607,-89.41307336529736,38.35219454682734,3215.8448149047945,4.725796042518183,293.9819856123491
360,WASHINGTON-IOWA,6.673920378837714,-91.71823183628574,41.3402640665549,2019.0605982321626,14.20915105397051,285.9956654635343
361,WASHINGTON-OHIO,9.95479446004396,-81.61050417676466,39.44899544229173,3189.6527558026487,8.496450497990562,291.9321666899182
362,WASHTENAW-MICHIGAN,2.1827605413511733,-83.84372960748101,42.22716851338456,2050.9847956221756,3.125450133212975,283.02017184666227
363,WAYNE-ILLINOIS,25.3350137424121,-88.42027822336499,38.42524891233636,2600.4231067847736,24.692196117747915,293.7578874067827
364,WAYNE-MICHIGAN,2.32250972266131,-83.43936966942921,42.188462865988896,2255.828227728018,3.464716543044363,282.62498365129744
365,WAYNE-OHIO,7.550644444570405,-81.89881122610235,40.83870712969036,2916.5018679096593,10.731987974860452,288.03240966796875
366,WEBSTER-IOWA,4.220227595529243,-94.18669491219603,42.42877916906916,1257.5968607653892,10.679119974374771,280.77685368855794
367,WELLS-NORTH DAKOTA,6.538179281325481,-99.6426378495302,47.584706563643785,1261.0593228309026,2.6544279314969716,275.3302502548485
368,WHITE-ILLINOIS,19.655694628632013,-88.17786700503315,38.094582191366484,2501.7174264066043,19.04282046602918,295.3625987659801
369,WHITESIDE-ILLINOIS,0.5042634222314484,-89.90369972729704,41.74922944620392,1697.2653689807119,0.4025957639064264,285.17560710382025
370,WILL-ILLINOIS,1.5365491877497517,-87.91790888468346,41.404521676105766,1806.9820324932211,0.5069502991015516,283.3965444489727
371,WILLIAMS-OHIO,1.2895406835344092,-84.58380015577572,41.56124263226548,1846.1558349155837,2.7290330392973763,281.0888275146484
372,WILLIAMSON-ILLINOIS,15.742784849329931,-88.92473095851527,37.75145796100794,3130.6246081493236,14.119411728598855,295.85628995028407
373,WINNEBAGO-ILLINOIS,1.1452568886819696,-89.19116009592459,42.33967198978401,1805.7536899968022,0.39341447272418456,282.68855681242763
374,WINNEBAGO-IOWA,18.36458320356789,-93.7361161289863,43.37369780156626,1192.6859575592123,22.618483398899887,278.57358157995975
375,WINNESHIEK-IOWA,7.441990595995048,-91.85980519207642,43.27536483262481,1797.4551042876906,16.52790837721391,281.175531838157
376,WOOD-OHIO,2.248881745936546,-83.6234241317232,41.35380852863071,1718.4928479045823,4.222179737958041,281.2824364864465
377,WOODBURY-IOWA,1.1258962901783818,-96.02664759779584,42.38362734971038,1481.3543688483378,4.1046125440685834,280.4544519495081
378,WOODFORD-ILLINOIS,1.9661412839047152,-89.19201669599148,40.79211003065811,1680.1688538361732,8.650040419704943,288.3165661915239
379,WORTH-IOWA,25.54784966395577,-93.2531241317243,43.37395452892339,1283.5233470784365,25.146393819288775,278.50372129498106
380,WORTH-MISSOURI,3.56858992488466,-94.43256999425478,40.47744018763783,2590.3390964937607,0.08668837395120174,290.260685697515
381,WRIGHT-IOWA,5.258550972151079,-93.74061582279799,42.73251111707386,1242.1121488629456,13.52702179340401,280.1788841787011
382,WYANDOT-OHIO,0.6490451745017423,-83.30600027630007,40.841074833454634,1684.5398667445493,4.452332336455584,286.6719756126404
383,YANKTON-SOUTH DAKOTA,1.691681818772513,-97.39238266723888,43.01747089668944,1704.3606020485988,1.557379510823418,279.7418370863971
